country,iso3,region,year,happiness_score,gdp_per_capita,social_support,healthy_life_expectancy,freedom,generosity,perceived_absence_of_corruption,population_millions,rank_in_year
Finland,FIN,Europe,2015,7.395,1.48,1.536,0.839,0.674,0.198,0.47,5.2,3
Finland,FIN,Europe,2016,7.475,1.52,1.565,0.868,0.705,0.187,0.465,5.2,2
Finland,FIN,Europe,2017,7.52,1.499,1.445,0.801,0.675,0.196,0.455,5.3,2
Finland,FIN,Europe,2018,7.527,1.51,1.51,0.875,0.711,0.195,0.481,5.3,1
Finland,FIN,Europe,2019,7.603,1.559,1.512,0.845,0.69,0.199,0.461,5.3,1
Finland,FIN,Europe,2020,7.475,1.474,1.446,0.857,0.734,0.214,0.454,5.4,1
Finland,FIN,Europe,2021,7.526,1.424,1.508,0.924,0.644,0.197,0.448,5.4,1
Finland,FIN,Europe,2022,7.641,1.549,1.546,0.835,0.723,0.205,0.467,5.4,1
Finland,FIN,Europe,2023,7.816,1.551,1.557,0.846,0.717,0.195,0.442,5.5,1
Finland,FIN,Europe,2024,7.694,1.484,1.517,0.939,0.643,0.188,0.454,5.5,1
Denmark,DNK,Europe,2015,7.617,1.535,1.432,0.755,0.69,0.214,0.459,5.6,1
Denmark,DNK,Europe,2016,7.599,1.576,1.56,0.853,0.692,0.234,0.492,5.6,1
Denmark,DNK,Europe,2017,7.581,1.553,1.453,0.893,0.706,0.225,0.442,5.7,1
Denmark,DNK,Europe,2018,7.522,1.581,1.438,0.849,0.708,0.208,0.511,5.7,2
Denmark,DNK,Europe,2019,7.603,1.531,1.57,0.882,0.683,0.23,0.467,5.7,2
Denmark,DNK,Europe,2020,7.405,1.613,1.507,0.835,0.706,0.253,0.471,5.8,2
Denmark,DNK,Europe,2021,7.357,1.552,1.496,0.86,0.718,0.211,0.504,5.8,2
Denmark,DNK,Europe,2022,7.524,1.523,1.589,0.913,0.703,0.223,0.483,5.8,2
Denmark,DNK,Europe,2023,7.619,1.615,1.539,0.889,0.696,0.22,0.495,5.9,2
Denmark,DNK,Europe,2024,7.654,1.711,1.57,0.871,0.67,0.22,0.498,5.9,2
Netherlands,NLD,Europe,2015,7.36,1.543,1.61,0.763,0.611,0.283,0.386,16.8,4
Netherlands,NLD,Europe,2016,7.394,1.504,1.539,0.865,0.627,0.307,0.385,16.9,4
Netherlands,NLD,Europe,2017,7.347,1.534,1.486,0.858,0.57,0.275,0.395,17.1,4
Netherlands,NLD,Europe,2018,7.31,1.546,1.557,0.894,0.678,0.261,0.375,17.2,4
Netherlands,NLD,Europe,2019,7.36,1.598,1.566,0.779,0.668,0.264,0.39,17.3,3
Netherlands,NLD,Europe,2020,7.14,1.581,1.527,0.87,0.645,0.309,0.382,17.4,4
Netherlands,NLD,Europe,2021,7.225,1.673,1.518,0.87,0.71,0.267,0.394,17.5,4
Netherlands,NLD,Europe,2022,7.364,1.598,1.542,0.893,0.656,0.263,0.357,17.6,3
Netherlands,NLD,Europe,2023,7.417,1.541,1.438,0.84,0.672,0.288,0.402,17.7,3
Netherlands,NLD,Europe,2024,7.324,1.61,1.432,0.921,0.681,0.27,0.404,17.8,4
Costa Rica,CRI,Latin America,2015,7.289,1.142,1.244,0.824,0.628,0.156,0.142,4.9,5
Costa Rica,CRI,Latin America,2016,7.235,1.229,1.295,0.82,0.667,0.169,0.139,5.0,7
Costa Rica,CRI,Latin America,2017,7.145,1.217,1.356,0.794,0.666,0.158,0.127,5.0,7
Costa Rica,CRI,Latin America,2018,7.147,1.095,1.394,0.805,0.615,0.16,0.145,5.0,7
Costa Rica,CRI,Latin America,2019,7.155,1.251,1.347,0.832,0.668,0.17,0.136,5.0,7
Costa Rica,CRI,Latin America,2020,7.033,1.114,1.246,0.744,0.657,0.172,0.14,5.1,6
Costa Rica,CRI,Latin America,2021,6.948,1.209,1.273,0.817,0.675,0.16,0.143,5.1,5
Costa Rica,CRI,Latin America,2022,7.15,1.211,1.282,0.798,0.657,0.149,0.137,5.1,6
Costa Rica,CRI,Latin America,2023,7.13,1.266,1.35,0.845,0.634,0.152,0.131,5.2,6
Costa Rica,CRI,Latin America,2024,7.012,1.282,1.319,0.797,0.611,0.15,0.139,5.2,6
Israel,ISR,Middle East,2015,7.199,1.42,1.286,0.871,0.429,0.138,0.113,9.1,7
Israel,ISR,Middle East,2016,7.273,1.285,1.37,0.875,0.432,0.155,0.113,9.1,6
Israel,ISR,Middle East,2017,7.35,1.438,1.496,0.893,0.448,0.137,0.114,9.2,3
Israel,ISR,Middle East,2018,7.409,1.413,1.393,0.942,0.409,0.153,0.121,9.3,3
Israel,ISR,Middle East,2019,7.294,1.479,1.527,0.876,0.45,0.155,0.106,9.3,5
Israel,ISR,Middle East,2020,7.215,1.466,1.422,0.884,0.437,0.164,0.108,9.4,3
Israel,ISR,Middle East,2021,7.294,1.466,1.327,0.861,0.487,0.157,0.113,9.4,3
Israel,ISR,Middle East,2022,7.254,1.505,1.447,0.953,0.448,0.15,0.112,9.5,4
Israel,ISR,Middle East,2023,7.313,1.538,1.438,0.876,0.463,0.161,0.104,9.5,4
Israel,ISR,Middle East,2024,7.41,1.506,1.43,0.891,0.423,0.163,0.115,9.6,3
Australia,AUS,Oceania,2015,7.208,1.391,1.581,0.904,0.676,0.31,0.338,24.6,6
Australia,AUS,Oceania,2016,7.276,1.353,1.436,0.873,0.643,0.291,0.348,24.8,5
Australia,AUS,Oceania,2017,7.268,1.512,1.518,0.887,0.622,0.309,0.351,24.9,6
Australia,AUS,Oceania,2018,7.17,1.463,1.48,0.881,0.634,0.3,0.352,25.1,5
Australia,AUS,Oceania,2019,7.192,1.436,1.505,0.927,0.641,0.298,0.356,25.2,6
Australia,AUS,Oceania,2020,6.972,1.409,1.439,0.863,0.649,0.307,0.313,25.4,7
Australia,AUS,Oceania,2021,6.948,1.623,1.412,0.852,0.611,0.306,0.357,25.5,6
Australia,AUS,Oceania,2022,7.151,1.627,1.522,0.904,0.645,0.32,0.364,25.7,5
Australia,AUS,Oceania,2023,7.181,1.486,1.471,0.935,0.623,0.313,0.358,25.8,5
Australia,AUS,Oceania,2024,7.154,1.548,1.631,0.958,0.625,0.301,0.386,26.0,5
Canada,CAN,North America,2015,7.409,1.501,1.517,0.86,0.601,0.322,0.365,36.9,2
Canada,CAN,North America,2016,7.448,1.505,1.461,0.894,0.644,0.323,0.361,37.1,3
Canada,CAN,North America,2017,7.315,1.51,1.398,0.848,0.63,0.301,0.354,37.4,5
Canada,CAN,North America,2018,7.159,1.44,1.493,0.894,0.629,0.317,0.34,37.6,6
Canada,CAN,North America,2019,7.34,1.52,1.524,0.85,0.625,0.297,0.371,37.8,4
Canada,CAN,North America,2020,7.086,1.39,1.412,0.907,0.586,0.317,0.345,38.1,5
Canada,CAN,North America,2021,6.942,1.429,1.417,0.899,0.646,0.329,0.382,38.3,7
Canada,CAN,North America,2022,7.15,1.444,1.43,0.859,0.603,0.319,0.36,38.5,7
Canada,CAN,North America,2023,7.059,1.438,1.388,0.899,0.625,0.316,0.359,38.8,7
Canada,CAN,North America,2024,6.934,1.581,1.481,0.902,0.613,0.318,0.321,39.0,7
United States,USA,North America,2015,7.061,1.552,1.316,0.756,0.543,0.236,0.148,316.9,8
United States,USA,North America,2016,7.061,1.589,1.434,0.754,0.522,0.249,0.15,318.9,8
United States,USA,North America,2017,7.084,1.588,1.36,0.719,0.532,0.243,0.143,320.9,8
United States,USA,North America,2018,6.993,1.55,1.406,0.781,0.531,0.273,0.148,322.9,8
United States,USA,North America,2019,7.026,1.598,1.463,0.699,0.524,0.252,0.154,324.9,8
United States,USA,North America,2020,6.91,1.62,1.427,0.798,0.56,0.275,0.149,327.0,9
United States,USA,North America,2021,6.761,1.543,1.421,0.749,0.545,0.271,0.149,329.0,9
United States,USA,North America,2022,6.841,1.692,1.401,0.761,0.546,0.256,0.154,331.0,10
United States,USA,North America,2023,6.754,1.739,1.493,0.791,0.546,0.246,0.158,333.0,11
United States,USA,North America,2024,6.718,1.682,1.373,0.774,0.556,0.263,0.15,335.0,13
United Kingdom,GBR,Europe,2015,6.829,1.487,1.467,0.83,0.584,0.334,0.274,63.9,10
United Kingdom,GBR,Europe,2016,7.007,1.45,1.516,0.804,0.549,0.298,0.3,64.3,9
United Kingdom,GBR,Europe,2017,6.952,1.39,1.381,0.777,0.576,0.314,0.279,64.7,10
United Kingdom,GBR,Europe,2018,6.851,1.463,1.406,0.836,0.518,0.319,0.283,65.1,10
United Kingdom,GBR,Europe,2019,6.898,1.467,1.417,0.845,0.539,0.34,0.289,65.5,9
United Kingdom,GBR,Europe,2020,6.713,1.463,1.384,0.814,0.542,0.344,0.286,65.9,10
United Kingdom,GBR,Europe,2021,6.754,1.621,1.384,0.85,0.611,0.296,0.274,66.3,10
United Kingdom,GBR,Europe,2022,6.88,1.519,1.494,0.847,0.558,0.321,0.289,66.7,9
United Kingdom,GBR,Europe,2023,6.756,1.469,1.47,0.826,0.527,0.328,0.273,67.1,10
United Kingdom,GBR,Europe,2024,6.908,1.573,1.488,0.882,0.548,0.302,0.28,67.5,8
Germany,DEU,Europe,2015,7.017,1.449,1.434,0.855,0.56,0.226,0.322,79.5,9
Germany,DEU,Europe,2016,6.947,1.499,1.431,0.886,0.587,0.228,0.292,80.0,10
Germany,DEU,Europe,2017,6.969,1.499,1.338,0.888,0.601,0.205,0.309,80.5,9
Germany,DEU,Europe,2018,6.952,1.537,1.461,0.795,0.575,0.233,0.293,81.0,9
Germany,DEU,Europe,2019,6.889,1.44,1.37,0.861,0.619,0.224,0.303,81.5,10
Germany,DEU,Europe,2020,6.924,1.499,1.356,0.873,0.593,0.231,0.286,82.0,8
Germany,DEU,Europe,2021,6.797,1.555,1.32,0.853,0.567,0.224,0.299,82.5,8
Germany,DEU,Europe,2022,6.915,1.529,1.501,0.911,0.571,0.227,0.291,83.0,8
Germany,DEU,Europe,2023,6.914,1.604,1.527,0.857,0.578,0.222,0.282,83.5,9
Germany,DEU,Europe,2024,6.901,1.53,1.461,0.837,0.534,0.22,0.303,84.0,9
Czechia,CZE,Europe,2015,6.577,1.408,1.444,0.771,0.611,0.094,0.088,10.2,12
Czechia,CZE,Europe,2016,6.639,1.416,1.45,0.805,0.584,0.101,0.096,10.3,11
Czechia,CZE,Europe,2017,6.629,1.509,1.422,0.801,0.604,0.104,0.086,10.3,11
Czechia,CZE,Europe,2018,6.574,1.423,1.506,0.825,0.663,0.101,0.091,10.4,11
Czechia,CZE,Europe,2019,6.786,1.42,1.557,0.771,0.591,0.086,0.093,10.5,11
Czechia,CZE,Europe,2020,6.588,1.46,1.541,0.815,0.594,0.118,0.087,10.5,11
Czechia,CZE,Europe,2021,6.602,1.455,1.417,0.822,0.596,0.104,0.092,10.6,11
Czechia,CZE,Europe,2022,6.811,1.466,1.451,0.789,0.635,0.102,0.087,10.7,11
Czechia,CZE,Europe,2023,6.915,1.459,1.369,0.881,0.608,0.104,0.091,10.7,8
Czechia,CZE,Europe,2024,6.871,1.366,1.517,0.836,0.593,0.101,0.09,10.8,10
Lithuania,LTU,Europe,2015,5.941,1.32,1.478,0.658,0.462,0.082,0.063,2.7,17
Lithuania,LTU,Europe,2016,5.988,1.343,1.574,0.716,0.484,0.085,0.06,2.8,15
Lithuania,LTU,Europe,2017,6.194,1.322,1.492,0.728,0.472,0.084,0.066,2.8,14
Lithuania,LTU,Europe,2018,6.19,1.339,1.509,0.705,0.479,0.082,0.059,2.8,14
Lithuania,LTU,Europe,2019,6.372,1.297,1.525,0.696,0.457,0.078,0.059,2.8,14
Lithuania,LTU,Europe,2020,6.352,1.394,1.411,0.761,0.5,0.1,0.061,2.8,13
Lithuania,LTU,Europe,2021,6.484,1.414,1.359,0.822,0.512,0.074,0.06,2.8,12
Lithuania,LTU,Europe,2022,6.695,1.462,1.52,0.747,0.45,0.08,0.062,2.9,12
Lithuania,LTU,Europe,2023,6.715,1.365,1.479,0.704,0.465,0.079,0.061,2.9,12
Lithuania,LTU,Europe,2024,6.848,1.383,1.457,0.764,0.458,0.08,0.062,2.9,11
Mexico,MEX,Latin America,2015,6.501,1.175,1.24,0.708,0.495,0.118,0.087,121.1,13
Mexico,MEX,Latin America,2016,6.458,1.133,1.21,0.738,0.549,0.102,0.091,121.9,13
Mexico,MEX,Latin America,2017,6.562,1.038,1.321,0.736,0.56,0.112,0.095,122.6,12
Mexico,MEX,Latin America,2018,6.507,1.168,1.259,0.756,0.532,0.11,0.096,123.4,13
Mexico,MEX,Latin America,2019,6.577,1.133,1.221,0.717,0.554,0.114,0.092,124.2,12
Mexico,MEX,Latin America,2020,6.461,1.148,1.304,0.734,0.538,0.134,0.09,124.9,12
Mexico,MEX,Latin America,2021,6.443,1.135,1.222,0.768,0.558,0.105,0.092,125.7,13
Mexico,MEX,Latin America,2022,6.651,1.126,1.32,0.747,0.543,0.114,0.095,126.5,13
Mexico,MEX,Latin America,2023,6.629,1.199,1.235,0.827,0.539,0.115,0.088,127.2,13
Mexico,MEX,Latin America,2024,6.749,1.288,1.15,0.752,0.561,0.11,0.088,128.0,12
Brazil,BRA,Latin America,2015,6.749,1.063,1.214,0.683,0.447,0.136,0.098,203.4,11
Brazil,BRA,Latin America,2016,6.579,1.123,1.306,0.628,0.447,0.136,0.103,204.7,12
Brazil,BRA,Latin America,2017,6.471,1.116,1.326,0.687,0.437,0.128,0.104,206.0,13
Brazil,BRA,Latin America,2018,6.514,1.127,1.172,0.679,0.489,0.143,0.096,207.3,12
Brazil,BRA,Latin America,2019,6.4,1.102,1.346,0.668,0.502,0.126,0.101,208.5,13
Brazil,BRA,Latin America,2020,6.188,1.117,1.219,0.643,0.501,0.152,0.098,209.8,14
Brazil,BRA,Latin America,2021,6.182,1.162,1.204,0.687,0.49,0.133,0.099,211.1,14
Brazil,BRA,Latin America,2022,6.144,1.183,1.317,0.695,0.475,0.131,0.098,212.4,15
Brazil,BRA,Latin America,2023,6.159,1.109,1.269,0.684,0.458,0.133,0.095,213.7,16
Brazil,BRA,Latin America,2024,6.21,1.107,1.318,0.741,0.484,0.126,0.1,215.0,15
Japan,JPN,Asia,2015,5.999,1.284,1.385,0.926,0.491,0.11,0.247,117.3,14
Japan,JPN,Asia,2016,6.046,1.44,1.453,0.914,0.5,0.109,0.237,118.0,14
Japan,JPN,Asia,2017,5.999,1.305,1.401,0.929,0.481,0.11,0.245,118.8,16
Japan,JPN,Asia,2018,6.01,1.525,1.272,0.927,0.463,0.114,0.265,119.5,16
Japan,JPN,Asia,2019,5.88,1.427,1.449,0.929,0.511,0.1,0.248,120.3,17
Japan,JPN,Asia,2020,5.912,1.431,1.342,0.968,0.49,0.131,0.235,121.0,16
Japan,JPN,Asia,2021,5.765,1.438,1.386,0.978,0.482,0.11,0.246,121.8,18
Japan,JPN,Asia,2022,6.069,1.519,1.533,0.922,0.462,0.114,0.255,122.5,16
Japan,JPN,Asia,2023,6.125,1.505,1.385,0.934,0.518,0.106,0.223,123.3,17
Japan,JPN,Asia,2024,6.02,1.608,1.529,0.94,0.485,0.111,0.233,124.0,17
South Korea,KOR,Asia,2015,5.949,1.416,1.11,0.947,0.342,0.131,0.1,48.8,16
South Korea,KOR,Asia,2016,5.861,1.448,1.128,0.839,0.319,0.123,0.097,49.1,17
South Korea,KOR,Asia,2017,5.889,1.443,1.186,0.914,0.339,0.126,0.092,49.4,17
South Korea,KOR,Asia,2018,5.89,1.478,1.185,0.911,0.348,0.135,0.1,49.7,17
South Korea,KOR,Asia,2019,5.954,1.493,1.17,0.967,0.342,0.128,0.097,50.1,16
South Korea,KOR,Asia,2020,5.722,1.558,1.197,0.926,0.358,0.156,0.103,50.4,17
South Korea,KOR,Asia,2021,5.852,1.408,1.085,0.946,0.37,0.131,0.097,50.7,16
South Korea,KOR,Asia,2022,5.919,1.452,1.12,0.989,0.341,0.13,0.109,51.0,18
South Korea,KOR,Asia,2023,6.021,1.519,1.132,0.955,0.373,0.133,0.105,51.3,18
South Korea,KOR,Asia,2024,5.966,1.539,1.151,0.96,0.368,0.123,0.1,51.6,18
China,CHN,Asia,2015,5.154,1.104,1.146,0.815,0.54,0.031,0.101,1333.9,19
China,CHN,Asia,2016,5.117,1.227,1.164,0.794,0.478,0.03,0.096,1342.3,19
China,CHN,Asia,2017,5.284,1.171,1.161,0.809,0.483,0.032,0.097,1350.8,19
China,CHN,Asia,2018,5.241,1.152,1.125,0.773,0.493,0.03,0.095,1359.2,19
China,CHN,Asia,2019,5.412,1.234,1.192,0.805,0.503,0.03,0.1,1367.7,19
China,CHN,Asia,2020,5.384,1.176,1.003,0.814,0.482,0.051,0.098,1376.2,19
China,CHN,Asia,2021,5.419,1.288,1.066,0.784,0.472,0.027,0.092,1384.6,19
China,CHN,Asia,2022,5.652,1.171,1.073,0.778,0.512,0.029,0.099,1393.1,19
China,CHN,Asia,2023,5.72,1.271,1.25,0.863,0.503,0.03,0.107,1401.5,19
China,CHN,Asia,2024,5.856,1.206,1.181,0.844,0.501,0.029,0.095,1410.0,19
India,IND,Asia,2015,4.368,0.704,0.713,0.449,0.476,0.148,0.083,1352.8,23
India,IND,Asia,2016,4.235,0.815,0.702,0.481,0.475,0.143,0.081,1361.4,24
India,IND,Asia,2017,4.312,0.775,0.709,0.424,0.475,0.132,0.078,1369.9,23
India,IND,Asia,2018,4.214,0.791,0.687,0.456,0.486,0.138,0.083,1378.5,23
India,IND,Asia,2019,4.246,0.793,0.671,0.487,0.488,0.144,0.084,1387.1,24
India,IND,Asia,2020,3.984,0.825,0.605,0.483,0.504,0.151,0.082,1395.7,24
India,IND,Asia,2021,3.896,0.848,0.617,0.467,0.506,0.138,0.081,1404.3,24
India,IND,Asia,2022,4.017,0.84,0.68,0.479,0.445,0.147,0.08,1412.8,24
India,IND,Asia,2023,3.893,0.833,0.693,0.499,0.478,0.149,0.079,1421.4,24
India,IND,Asia,2024,4.094,0.836,0.698,0.479,0.478,0.146,0.083,1430.0,24
Vietnam,VNM,Asia,2015,5.452,0.889,1.192,0.635,0.633,0.049,0.116,93.7,18
Vietnam,VNM,Asia,2016,5.485,0.881,1.207,0.69,0.646,0.05,0.124,94.2,18
Vietnam,VNM,Asia,2017,5.598,0.856,1.146,0.729,0.653,0.052,0.112,94.8,18
Vietnam,VNM,Asia,2018,5.61,0.891,1.15,0.681,0.669,0.052,0.128,95.4,18
Vietnam,VNM,Asia,2019,5.668,0.852,1.245,0.726,0.655,0.047,0.124,96.0,18
Vietnam,VNM,Asia,2020,5.708,0.929,1.151,0.713,0.671,0.069,0.111,96.6,18
Vietnam,VNM,Asia,2021,5.77,0.937,1.176,0.734,0.635,0.05,0.119,97.2,17
Vietnam,VNM,Asia,2022,6.024,0.985,1.208,0.771,0.69,0.052,0.123,97.8,17
Vietnam,VNM,Asia,2023,6.186,0.934,1.215,0.691,0.662,0.053,0.123,98.4,15
Vietnam,VNM,Asia,2024,6.195,0.943,1.228,0.686,0.677,0.049,0.115,99.0,16
Kenya,KEN,Africa,2015,4.375,0.493,0.931,0.417,0.426,0.363,0.062,52.0,22
Kenya,KEN,Africa,2016,4.415,0.49,0.873,0.395,0.456,0.345,0.055,52.4,22
Kenya,KEN,Africa,2017,4.494,0.499,0.933,0.391,0.438,0.338,0.059,52.7,22
Kenya,KEN,Africa,2018,4.588,0.557,0.922,0.42,0.422,0.343,0.059,53.0,21
Kenya,KEN,Africa,2019,4.481,0.56,0.873,0.409,0.431,0.321,0.061,53.4,22
Kenya,KEN,Africa,2020,4.5,0.564,0.82,0.382,0.453,0.387,0.061,53.7,21
Kenya,KEN,Africa,2021,4.506,0.6,0.896,0.423,0.469,0.361,0.056,54.0,21
Kenya,KEN,Africa,2022,4.606,0.551,0.896,0.444,0.431,0.321,0.063,54.3,21
Kenya,KEN,Africa,2023,4.683,0.62,0.852,0.457,0.487,0.378,0.059,54.7,21
Kenya,KEN,Africa,2024,4.706,0.597,0.936,0.462,0.452,0.331,0.062,55.0,21
Ghana,GHA,Africa,2015,4.252,0.625,0.829,0.447,0.502,0.187,0.051,32.2,24
Ghana,GHA,Africa,2016,4.396,0.607,0.834,0.445,0.504,0.194,0.047,32.4,23
Ghana,GHA,Africa,2017,4.224,0.636,0.833,0.473,0.463,0.199,0.052,32.6,24
Ghana,GHA,Africa,2018,4.21,0.62,0.825,0.427,0.477,0.194,0.048,32.8,24
Ghana,GHA,Africa,2019,4.348,0.634,0.802,0.449,0.469,0.192,0.053,33.0,23
Ghana,GHA,Africa,2020,4.182,0.656,0.799,0.439,0.501,0.2,0.051,33.2,23
Ghana,GHA,Africa,2021,4.159,0.651,0.833,0.436,0.514,0.195,0.053,33.4,23
Ghana,GHA,Africa,2022,4.291,0.709,0.868,0.453,0.478,0.209,0.05,33.6,22
Ghana,GHA,Africa,2023,4.335,0.675,0.835,0.466,0.483,0.203,0.049,33.8,22
Ghana,GHA,Africa,2024,4.398,0.736,0.787,0.482,0.515,0.18,0.048,34.0,22
South Africa,ZAF,Africa,2015,4.688,0.871,1.364,0.37,0.428,0.095,0.047,56.8,21
South Africa,ZAF,Africa,2016,4.791,0.878,1.382,0.393,0.416,0.09,0.051,57.1,20
South Africa,ZAF,Africa,2017,4.849,0.961,1.311,0.412,0.4,0.09,0.046,57.5,20
South Africa,ZAF,Africa,2018,4.901,1.042,1.344,0.395,0.424,0.086,0.047,57.8,20
South Africa,ZAF,Africa,2019,4.946,1.008,1.361,0.418,0.404,0.086,0.053,58.2,20
South Africa,ZAF,Africa,2020,4.915,0.954,1.182,0.403,0.462,0.106,0.05,58.6,20
South Africa,ZAF,Africa,2021,4.973,0.994,1.28,0.408,0.402,0.096,0.048,58.9,20
South Africa,ZAF,Africa,2022,5.221,0.946,1.325,0.439,0.437,0.086,0.051,59.3,20
South Africa,ZAF,Africa,2023,5.253,0.992,1.366,0.426,0.407,0.09,0.045,59.6,20
South Africa,ZAF,Africa,2024,5.283,0.992,1.262,0.438,0.433,0.089,0.053,60.0,20
Egypt,EGY,Middle East,2015,4.72,0.805,1.009,0.559,0.363,0.029,0.093,99.3,20
Egypt,EGY,Middle East,2016,4.736,0.882,0.951,0.582,0.341,0.029,0.085,100.0,21
Egypt,EGY,Middle East,2017,4.72,0.845,0.91,0.539,0.344,0.028,0.089,100.6,21
Egypt,EGY,Middle East,2018,4.542,0.861,0.914,0.566,0.344,0.03,0.091,101.2,22
Egypt,EGY,Middle East,2019,4.53,0.816,0.93,0.552,0.361,0.028,0.087,101.8,21
Egypt,EGY,Middle East,2020,4.272,0.889,0.943,0.565,0.364,0.048,0.083,102.5,22
Egypt,EGY,Middle East,2021,4.293,0.925,0.924,0.583,0.357,0.029,0.093,103.1,22
Egypt,EGY,Middle East,2022,4.268,0.954,0.953,0.542,0.332,0.031,0.09,103.7,23
Egypt,EGY,Middle East,2023,4.206,0.938,0.934,0.578,0.351,0.03,0.095,104.4,23
Egypt,EGY,Middle East,2024,4.163,1.004,1.019,0.633,0.365,0.03,0.09,105.0,23
Uzbekistan,UZB,Asia,2015,5.981,0.728,1.416,0.643,0.767,0.286,0.236,34.1,15
Uzbekistan,UZB,Asia,2016,5.925,0.758,1.396,0.636,0.687,0.255,0.245,34.3,16
Uzbekistan,UZB,Asia,2017,6.086,0.847,1.418,0.666,0.762,0.282,0.242,34.5,15
Uzbekistan,UZB,Asia,2018,6.118,0.762,1.505,0.701,0.769,0.276,0.24,34.7,15
Uzbekistan,UZB,Asia,2019,6.137,0.819,1.341,0.695,0.752,0.296,0.231,34.9,15
Uzbekistan,UZB,Asia,2020,6.155,0.779,1.332,0.65,0.753,0.318,0.234,35.1,15
Uzbekistan,UZB,Asia,2021,6.094,0.8,1.517,0.717,0.704,0.26,0.234,35.4,15
Uzbekistan,UZB,Asia,2022,6.411,0.876,1.405,0.677,0.705,0.259,0.249,35.6,14
Uzbekistan,UZB,Asia,2023,6.325,0.862,1.323,0.666,0.728,0.271,0.248,35.8,14
Uzbekistan,UZB,Asia,2024,6.44,0.805,1.455,0.727,0.665,0.3,0.245,36.0,14
